AQI,1,2,3,4,5,6,7,8,9,10,11,12,13,14,15,16,17,18,19,20,21,22,23,24
44.166666666666664,0.7033230319528738,14.609375,20.857693979569657,1.2881478301592255,0.014116585286458259,9.152777777777777,0.6405831622634772,7.534722222222222,21.07911323625299,1.1450202934748672,0.01744874674479158,5.526041666666667,0.539653806676187,7.145833333333333,8.50249945663986,1.0814080549484857,0.027965218098958276,3.9774305555555554,0.546927994466262,12.157986111111112,13.573000434688112,1.0814080549484857,0.022561067708333254,5.315972222222222
46.375,0.6746809175294537,20.694444444444443,23.53686698543795,1.717530440212301,0.01513533528645824,10.602430555555555,0.7033230319528738,14.609375,20.857693979569657,1.2881478301592255,0.014116585286458259,9.152777777777777,0.6405831622634772,7.534722222222222,21.07911323625299,1.1450202934748672,0.01744874674479158,5.526041666666667,0.539653806676187,7.145833333333333,8.50249945663986,1.0814080549484857,0.027965218098958276,3.9774305555555554
56.666666666666664,0.6028483131024632,16.36284722222222,24.04613127580961,2.0992038713705896,0.017830777994791578,10.951388888888888,0.6746809175294537,20.694444444444443,23.53686698543795,1.717530440212301,0.01513533528645824,10.602430555555555,0.7033230319528738,14.609375,20.857693979569657,1.2881478301592255,0.014116585286458259,9.152777777777777,0.6405831622634772,7.534722222222222,21.07911323625299,1.1450202934748672,0.01744874674479158,5.526041666666667
55.31818181818182,0.756515530167797,32.8125,27.25671049771789,1.9401732750546363,0.0086354980468749,14.798611111111112,0.6028483131024632,16.36284722222222,24.04613127580961,2.0992038713705896,0.017830777994791578,10.951388888888888,0.6746809175294537,20.694444444444443,23.53686698543795,1.717530440212301,0.01513533528645824,10.602430555555555,0.7033230319528738,14.609375,20.857693979569657,1.2881478301592255,0.014116585286458259,9.152777777777777
52.791666666666664,0.7380919176399584,25.098958333333332,26.183833553970484,1.6760441976950955,0.011126407490079279,14.197916666666666,0.756515530167797,32.8125,27.25671049771789,1.9401732750546363,0.0086354980468749,14.798611111111112,0.6028483131024632,16.36284722222222,24.04613127580961,2.0992038713705896,0.017830777994791578,10.951388888888888,0.6746809175294537,20.694444444444443,23.53686698543795,1.717530440212301,0.01513533528645824,10.602430555555555
39.541666666666664,0.7515145260621207,21.817708333333332,19.706313844816346,1.638015142054324,0.012275406901041565,13.059027777777779,0.7380919176399584,25.098958333333332,26.183833553970484,1.6760441976950955,0.011126407490079279,14.197916666666666,0.756515530167797,32.8125,27.25671049771789,1.9401732750546363,0.0086354980468749,14.798611111111112,0.6028483131024632,16.36284722222222,24.04613127580961,2.0992038713705896,0.017830777994791578,10.951388888888888
33.375,0.635127521420921,13.390625,12.687323407954793,1.6539182016859193,0.01595245768229157,9.503472222222223,0.7515145260621207,21.817708333333332,19.706313844816346,1.638015142054324,0.012275406901041565,13.059027777777779,0.7380919176399584,25.098958333333332,26.183833553970484,1.6760441976950955,0.011126407490079279,14.197916666666666,0.756515530167797,32.8125,27.25671049771789,1.9401732750546363,0.0086354980468749,14.798611111111112
25.416666666666668,0.685592199214566,11.678819444444445,14.724380569441427,1.27224477052763,0.0205898925781249,7.994791666666667,0.635127521420921,13.390625,12.687323407954793,1.6539182016859193,0.01595245768229157,9.503472222222223,0.7515145260621207,21.817708333333332,19.706313844816346,1.638015142054324,0.012275406901041565,13.059027777777779,0.7380919176399584,25.098958333333332,26.183833553970484,1.6760441976950955,0.011126407490079279,14.197916666666666
30.5,0.6614964521599428,11.166666666666666,18.156379048033035,1.4471784264751795,0.015015950520833233,5.909722222222222,0.685592199214566,11.678819444444445,14.724380569441427,1.27224477052763,0.0205898925781249,7.994791666666667,0.635127521420921,13.390625,12.687323407954793,1.6539182016859193,0.01595245768229157,9.503472222222223,0.7515145260621207,21.817708333333332,19.706313844816346,1.638015142054324,0.012275406901041565,13.059027777777779
29.5,0.6714984603712959,10.956597222222221,18.79849489241469,1.47898454573837,0.018931770833333247,6.737847222222222,0.6614964521599428,11.166666666666666,18.156379048033035,1.4471784264751795,0.015015950520833233,5.909722222222222,0.685592199214566,11.678819444444445,14.724380569441427,1.27224477052763,0.0205898925781249,7.994791666666667,0.635127521420921,13.390625,12.687323407954793,1.6539182016859193,0.01595245768229157,9.503472222222223
26.708333333333332,0.6935808161625948,10.65798611111111,22.02920313765782,1.856320778815315,0.015797446986607056,5.976858060417843,0.6714984603712959,10.956597222222221,18.79849489241469,1.47898454573837,0.018931770833333247,6.737847222222222,0.6614964521599428,11.166666666666666,18.156379048033035,1.4471784264751795,0.015015950520833233,5.909722222222222,0.685592199214566,11.678819444444445,14.724380569441427,1.27224477052763,0.0205898925781249,7.994791666666667
35.166666666666664,0.7183260442699035,17.11111111111111,14.702238643773093,1.9083671557914454,0.014556982421874913,6.308181778969822,0.6935808161625948,10.65798611111111,22.02920313765782,1.856320778815315,0.015797446986607056,5.976858060417843,0.6714984603712959,10.956597222222221,18.79849489241469,1.47898454573837,0.018931770833333247,6.737847222222222,0.6614964521599428,11.166666666666666,18.156379048033035,1.4471784264751795,0.015015950520833233,5.909722222222222
43.708333333333336,0.7228724116387003,13.015625,22.097641816996305,2.0355916328442083,0.011888069661458235,8.322916666666666,0.7183260442699035,17.11111111111111,14.702238643773093,1.9083671557914454,0.014556982421874913,6.308181778969822,0.6935808161625948,10.65798611111111,22.02920313765782,1.856320778815315,0.015797446986607056,5.976858060417843,0.6714984603712959,10.956597222222221,18.79849489241469,1.47898454573837,0.018931770833333247,6.737847222222222
47.95238095238095,0.7237816851124598,15.739583333333334,17.292843946968052,2.1946222291601623,0.0086354980468749,10.493055555555555,0.7228724116387003,13.015625,22.097641816996305,2.0355916328442083,0.011888069661458235,8.322916666666666,0.7183260442699035,17.11111111111111,14.702238643773093,1.9083671557914454,0.014556982421874913,6.308181778969822,0.6935808161625948,10.65798611111111,22.02920313765782,1.856320778815315,0.015797446986607056,5.976858060417843
27.541666666666668,0.7469681586933238,15.5625,16.44943786923791,1.1782092874886314,0.009500778614831255,11.505208333333334,0.7237816851124598,15.739583333333334,17.292843946968052,2.1946222291601623,0.0086354980468749,10.493055555555555,0.7228724116387003,13.015625,22.097641816996305,2.0355916328442083,0.011888069661458235,8.322916666666666,0.7183260442699035,17.11111111111111,14.702238643773093,1.9083671557914454,0.014556982421874913,6.308181778969822
28.5,0.6851375624776864,6.574652777777778,10.694550097804823,1.0973111145800811,0.019281966145833232,6.569444444444444,0.7469681586933238,15.5625,16.44943786923791,1.1782092874886314,0.009500778614831255,11.505208333333334,0.7237816851124598,15.739583333333334,17.292843946968052,2.1946222291601623,0.0086354980468749,10.493055555555555,0.7228724116387003,13.015625,22.097641816996305,2.0355916328442083,0.011888069661458235,8.322916666666666
32.166666666666664,0.7192353177436629,8.303819444444445,16.827863507933056,1.304050889790821,0.011031152343749899,6.831597222222222,0.6851375624776864,6.574652777777778,10.694550097804823,1.0973111145800811,0.019281966145833232,6.569444444444444,0.7469681586933238,15.5625,16.44943786923791,1.1782092874886314,0.009500778614831255,11.505208333333334,0.7237816851124598,15.739583333333334,17.292843946968052,2.1946222291601623,0.0086354980468749,10.493055555555555
23.541666666666668,0.7701546322741878,11.394097222222221,17.403553575309715,1.1768264127380579,0.01255397135416658,7.732638888888889,0.7192353177436629,8.303819444444445,16.827863507933056,1.304050889790821,0.011031152343749899,6.831597222222222,0.6851375624776864,6.574652777777778,10.694550097804823,1.0973111145800811,0.019281966145833232,6.569444444444444,0.7469681586933238,15.5625,16.44943786923791,1.1782092874886314,0.009500778614831255,11.505208333333334
27.166666666666668,0.7369661504819707,8.20486111111111,17.846392088676378,1.1132141742116766,0.019788688151041567,4.09375,0.7701546322741878,11.394097222222221,17.403553575309715,1.1768264127380579,0.01255397135416658,7.732638888888889,0.7192353177436629,8.303819444444445,16.827863507933056,1.304050889790821,0.011031152343749899,6.831597222222222,0.6851375624776864,6.574652777777778,10.694550097804823,1.0973111145800811,0.019281966145833232,6.569444444444444
30.0,0.7642443546947518,8.84375,14.325825907411433,0.9541835778957227,0.019082991536458236,5.680555555555556,0.7369661504819707,8.20486111111111,17.846392088676378,1.1132141742116766,0.019788688151041567,4.09375,0.7701546322741878,11.394097222222221,17.403553575309715,1.1768264127380579,0.01255397135416658,7.732638888888889,0.7192353177436629,8.303819444444445,16.827863507933056,1.304050889790821,0.011031152343749899,6.831597222222222
28.291666666666668,0.6764994644769725,5.083333333333333,7.727532058248207,0.8746682797377457,0.03236653645833327,3.847222222222222,0.7642443546947518,8.84375,14.325825907411433,0.9541835778957227,0.019082991536458236,5.680555555555556,0.7369661504819707,8.20486111111111,17.846392088676378,1.1132141742116766,0.019788688151041567,4.09375,0.7701546322741878,11.394097222222221,17.403553575309715,1.1768264127380579,0.01255397135416658,7.732638888888889
37.375,0.7074147625847912,4.395833333333333,15.233644859813085,1.0814080549484857,0.027317887369791575,4.456597222222222,0.6764994644769725,5.083333333333333,7.727532058248207,0.8746682797377457,0.03236653645833327,3.847222222222222,0.7642443546947518,8.84375,14.325825907411433,0.9541835778957227,0.019082991536458236,5.680555555555556,0.7369661504819707,8.20486111111111,17.846392088676378,1.1132141742116766,0.019788688151041567,4.09375
58.541666666666664,0.8360769591217422,13.015625,27.035291241034557,1.6857243209491102,0.008473665364583233,8.690972222222223,0.7074147625847912,4.395833333333333,15.233644859813085,1.0814080549484857,0.027317887369791575,4.456597222222222,0.6764994644769725,5.083333333333333,7.727532058248207,0.8746682797377457,0.03236653645833327,3.847222222222222,0.7642443546947518,8.84375,14.325825907411433,0.9541835778957227,0.019082991536458236,5.680555555555556
48.57142857142857,0.944735139235987,27.071180555555554,24.20112475548794,1.3358570090540116,0.0057410807291665665,15.680555555555555,0.8360769591217422,13.015625,27.035291241034557,1.6857243209491102,0.008473665364583233,8.690972222222223,0.7074147625847912,4.395833333333333,15.233644859813085,1.0814080549484857,0.027317887369791575,4.456597222222222,0.6764994644769725,5.083333333333333,7.727532058248207,0.8746682797377457,0.03236653645833327,3.847222222222222
31.08695652173913,0.7997060201713673,17.72222222222222,15.652328545177927,1.0929739164987369,0.016927243768601104,11.649305555555555,0.944735139235987,27.071180555555554,24.20112475548794,1.3358570090540116,0.0057410807291665665,15.680555555555555,0.8360769591217422,13.015625,27.035291241034557,1.6857243209491102,0.008473665364583233,8.690972222222223,0.7074147625847912,4.395833333333333,15.233644859813085,1.0814080549484857,0.027317887369791575,4.456597222222222
48.166666666666664,0.5994926609969228,11.697463768115943,28.095215595853457,1.24458727551616,0.01303151041666657,6.489583333333333,0.7997060201713673,17.72222222222222,15.652328545177927,1.0929739164987369,0.016927243768601104,11.649305555555555,0.944735139235987,27.071180555555554,24.20112475548794,1.3358570090540116,0.0057410807291665665,15.680555555555555,0.8360769591217422,13.015625,27.035291241034557,1.6857243209491102,0.008473665364583233,8.690972222222223
33.916666666666664,0.6592232684755444,21.3131038647343,17.159992392958053,1.2086325320012488,0.009062630208333233,11.631944444444445,0.5994926609969228,11.697463768115943,28.095215595853457,1.24458727551616,0.01303151041666657,6.489583333333333,0.7997060201713673,17.72222222222222,15.652328545177927,1.0929739164987369,0.016927243768601104,11.649305555555555,0.944735139235987,27.071180555555554,24.20112475548794,1.3358570090540116,0.0057410807291665665,15.680555555555555
22.791666666666668,0.525105431096037,10.37673611111111,11.447375570528145,1.0655049953168902,0.0252167154947916,6.694444444444444,0.6592232684755444,21.3131038647343,17.159992392958053,1.2086325320012488,0.009062630208333233,11.631944444444445,0.5994926609969228,11.697463768115943,28.095215595853457,1.24458727551616,0.01303151041666657,6.489583333333333,0.7997060201713673,17.72222222222222,15.652328545177927,1.0929739164987369,0.016927243768601104,11.649305555555555
32.5,0.5482919046769009,5.572916666666667,14.569387089763095,1.0973111145800811,0.021422932942708254,4.401041666666667,0.525105431096037,10.37673611111111,11.447375570528145,1.0655049953168902,0.0252167154947916,6.694444444444444,0.6592232684755444,21.3131038647343,17.159992392958053,1.2086325320012488,0.009062630208333233,11.631944444444445,0.5994926609969228,11.697463768115943,28.095215595853457,1.24458727551616,0.01303151041666657,6.489583333333333
34.0,0.6323997009996428,10.65451388888889,15.455064116496414,1.1927294723696533,0.010158317057291576,7.805555555555556,0.5482919046769009,5.572916666666667,14.569387089763095,1.0973111145800811,0.021422932942708254,4.401041666666667,0.525105431096037,10.37673611111111,11.447375570528145,1.0655049953168902,0.0252167154947916,6.694444444444444,0.6592232684755444,21.3131038647343,17.159992392958053,1.2086325320012488,0.009062630208333233,11.631944444444445
23.954545454545453,0.5273786147804355,7.029513888888889,7.727532058248207,0.9064743990009365,0.034289957682291636,5.215277777777778,0.6323997009996428,10.65451388888889,15.455064116496414,1.1927294723696533,0.010158317057291576,7.805555555555556,0.5482919046769009,5.572916666666667,14.569387089763095,1.0973111145800811,0.021422932942708254,4.401041666666667,0.525105431096037,10.37673611111111,11.447375570528145,1.0655049953168902,0.0252167154947916,6.694444444444444
27.041666666666668,0.5644423335203412,4.735280797101449,12.799958421137182,1.0235787471972297,0.025474434988839213,4.3032155797101455,0.5273786147804355,7.029513888888889,7.727532058248207,0.9064743990009365,0.034289957682291636,5.215277777777778,0.6323997009996428,10.65451388888889,15.455064116496414,1.1927294723696533,0.010158317057291576,7.805555555555556,0.5482919046769009,5.572916666666667,14.569387089763095,1.0973111145800811,0.021422932942708254,4.401041666666667
28.5,0.5478372679400213,4.5021135265700485,9.100331449684852,1.0814080549484857,0.029182942708333284,4.126962560386473,0.5644423335203412,4.735280797101449,12.799958421137182,1.0235787471972297,0.025474434988839213,4.3032155797101455,0.5273786147804355,7.029513888888889,7.727532058248207,0.9064743990009365,0.034289957682291636,5.215277777777778,0.6323997009996428,10.65451388888889,15.455064116496414,1.1927294723696533,0.010158317057291576,7.805555555555556
39.25,0.6310357907890038,8.817708333333334,23.49258313410128,1.1450202934748672,0.01985766601562494,5.690972222222222,0.5478372679400213,4.5021135265700485,9.100331449684852,1.0814080549484857,0.029182942708333284,4.126962560386473,0.5644423335203412,4.735280797101449,12.799958421137182,1.0235787471972297,0.025474434988839213,4.3032155797101455,0.5273786147804355,7.029513888888889,7.727532058248207,0.9064743990009365,0.034289957682291636,5.215277777777778
40.25,0.7351476035344519,13.871527777777779,19.972016952836338,1.463081486106775,0.007905924479166588,9.430555555555555,0.6310357907890038,8.817708333333334,23.49258313410128,1.1450202934748672,0.01985766601562494,5.690972222222222,0.5478372679400213,4.5021135265700485,9.100331449684852,1.0814080549484857,0.029182942708333284,4.126962560386473,0.5644423335203412,4.735280797101449,12.799958421137182,1.0235787471972297,0.025474434988839213,4.3032155797101455
52.208333333333336,0.7451496117458051,13.010416666666666,21.034829384916325,1.7016273805807056,0.00657677408854157,9.526041666666666,0.7351476035344519,13.871527777777779,19.972016952836338,1.463081486106775,0.007905924479166588,9.430555555555555,0.6310357907890038,8.817708333333334,23.49258313410128,1.1450202934748672,0.01985766601562494,5.690972222222222,0.5478372679400213,4.5021135265700485,9.100331449684852,1.0814080549484857,0.029182942708333284,4.126962560386473
56.75,0.7701546322741878,23.47048611111111,25.241795261899586,2.9897752107399307,0.0060912760416665795,12.503472222222221,0.7451496117458051,13.010416666666666,21.034829384916325,1.7016273805807056,0.00657677408854157,9.526041666666666,0.7351476035344519,13.871527777777779,19.972016952836338,1.463081486106775,0.007905924479166588,9.430555555555555,0.6310357907890038,8.817708333333334,23.49258313410128,1.1450202934748672,0.01985766601562494,5.690972222222222
62.833333333333336,0.8469882408068545,28.006944444444443,28.873071071506192,3.069290508897908,0.006510449218749901,14.713541666666666,0.7701546322741878,23.47048611111111,25.241795261899586,2.9897752107399307,0.0060912760416665795,12.503472222222221,0.7451496117458051,13.010416666666666,21.034829384916325,1.7016273805807056,0.00657677408854157,9.526041666666666,0.7351476035344519,13.871527777777779,19.972016952836338,1.463081486106775,0.007905924479166588,9.430555555555555
61.13636363636363,0.9142744778650481,36.208333333333336,30.334438165616174,1.844754917265064,0.0055474121093749,17.69965277777778,0.8469882408068545,28.006944444444443,28.873071071506192,3.069290508897908,0.006510449218749901,14.713541666666666,0.7701546322741878,23.47048611111111,25.241795261899586,2.9897752107399307,0.0060912760416665795,12.503472222222221,0.7451496117458051,13.010416666666666,21.034829384916325,1.7016273805807056,0.00657677408854157,9.526041666666666
58.416666666666664,0.7380702682715357,35.494791666666664,26.64277528600502,1.7869256095138077,0.0058835844494046835,16.859375,0.9142744778650481,36.208333333333336,30.334438165616174,1.844754917265064,0.0055474121093749,17.69965277777778,0.8469882408068545,28.006944444444443,28.873071071506192,3.069290508897908,0.006510449218749901,14.713541666666666,0.7701546322741878,23.47048611111111,25.241795261899586,2.9897752107399307,0.0060912760416665795,12.503472222222221
46.666666666666664,0.45236355319528737,27.744791666666668,21.544093675287982,2.2582344676865436,0.006807584635416575,15.663194444444445,0.7380702682715357,35.494791666666664,26.64277528600502,1.7869256095138077,0.0058835844494046835,16.859375,0.9142744778650481,36.208333333333336,30.334438165616174,1.844754917265064,0.0055474121093749,17.69965277777778,0.8469882408068545,28.006944444444443,28.873071071506192,3.069290508897908,0.006510449218749901,14.713541666666666
49.25,0.4164472509817922,17.223958333333332,21.588377526624644,1.8606579768966593,0.009606494140624916,11.237847222222221,0.45236355319528737,27.744791666666668,21.544093675287982,2.2582344676865436,0.006807584635416575,15.663194444444445,0.7380702682715357,35.494791666666664,26.64277528600502,1.7869256095138077,0.0058835844494046835,16.859375,0.9142744778650481,36.208333333333336,30.334438165616174,1.844754917265064,0.0055474121093749,17.69965277777778
58.958333333333336,0.49646331667261684,19.895833333333332,24.66610519452293,1.8288518576334685,0.0025362630208332335,12.111111111111112,0.4164472509817922,17.223958333333332,21.588377526624644,1.8606579768966593,0.009606494140624916,11.237847222222221,0.45236355319528737,27.744791666666668,21.544093675287982,2.2582344676865436,0.006807584635416575,15.663194444444445,0.7380702682715357,35.494791666666664,26.64277528600502,1.7869256095138077,0.0058835844494046835,16.859375
68.85714285714286,0.5542021822563369,29.644097222222218,23.868995870462943,1.9878824539494222,0.0022417805989582333,15.878472222222221,0.49646331667261684,19.895833333333332,24.66610519452293,1.8288518576334685,0.0025362630208332335,12.111111111111112,0.4164472509817922,17.223958333333332,21.588377526624644,1.8606579768966593,0.009606494140624916,11.237847222222221,0.45236355319528737,27.744791666666668,21.544093675287982,2.2582344676865436,0.006807584635416575,15.663194444444445
51.041666666666664,0.5711319883629996,42.979166666666664,18.877573198373025,1.7695768171884312,0.00598604058159713,20.796874999999996,0.5542021822563369,29.644097222222218,23.868995870462943,1.9878824539494222,0.0022417805989582333,15.878472222222221,0.49646331667261684,19.895833333333332,24.66610519452293,1.8288518576334685,0.0025362630208332335,12.111111111111112,0.4164472509817922,17.223958333333332,21.588377526624644,1.8606579768966593,0.009606494140624916,11.237847222222221
36.833333333333336,0.5571031976249978,23.083333333333332,20.547707020212997,1.4153723072119886,0.009236590866815384,12.689236111111112,0.5711319883629996,42.979166666666664,18.877573198373025,1.7695768171884312,0.00598604058159713,20.796874999999996,0.5542021822563369,29.644097222222218,23.868995870462943,1.9878824539494222,0.0022417805989582333,15.878472222222221,0.49646331667261684,19.895833333333332,24.66610519452293,1.8288518576334685,0.0025362630208332335,12.111111111111112
22.25,0.45463673687968575,12.326388888888888,10.672408172136493,1.1450202934748672,0.01253274739583325,8.824652777777777,0.5571031976249978,23.083333333333332,20.547707020212997,1.4153723072119886,0.009236590866815384,12.689236111111112,0.5711319883629996,42.979166666666664,18.877573198373025,1.7695768171884312,0.00598604058159713,20.796874999999996,0.5542021822563369,29.644097222222218,23.868995870462943,1.9878824539494222,0.0022417805989582333,15.878472222222221
22.849206349206348,0.3535255265976437,3.6260214996519724,3.254863073244947,1.0973111145800811,0.02592189161706342,4.637712023843759,0.45463673687968575,12.326388888888888,10.672408172136493,1.1450202934748672,0.01253274739583325,8.824652777777777,0.5571031976249978,23.083333333333332,20.547707020212997,1.4153723072119886,0.009236590866815384,12.689236111111112,0.5711319883629996,42.979166666666664,18.877573198373025,1.7695768171884312,0.00598604058159713,20.796874999999996
23.4484126984127,0.6983220278471974,7.2244484790454795,1.5942186481199738,2.2900405869497344,0.0091687499999999,4.060077403719387,0.3535255265976437,3.6260214996519724,3.254863073244947,1.0973111145800811,0.02592189161706342,4.637712023843759,0.45463673687968575,12.326388888888888,10.672408172136493,1.1450202934748672,0.01253274739583325,8.824652777777777,0.5571031976249978,23.083333333333332,20.547707020212997,1.4153723072119886,0.009236590866815384,12.689236111111112
24.047619047619047,0.3889716045289947,10.822875458438986,6.164312106063899,1.1450202934748672,0.03292525027056273,3.4824427835950154,0.6983220278471974,7.2244484790454795,1.5942186481199738,2.2900405869497344,0.0091687499999999,4.060077403719387,0.3535255265976437,3.6260214996519724,3.254863073244947,1.0973111145800811,0.02592189161706342,4.637712023843759,0.45463673687968575,12.326388888888888,10.672408172136493,1.1450202934748672,0.01253274739583325,8.824652777777777
33.833333333333336,0.29869633612995355,14.421302437832495,8.325364051293198,1.1291172338432718,0.026384033203124924,2.904808163470644,0.3889716045289947,10.822875458438986,6.164312106063899,1.1450202934748672,0.03292525027056273,3.4824427835950154,0.6983220278471974,7.2244484790454795,1.5942186481199738,2.2900405869497344,0.0091687499999999,4.060077403719387,0.3535255265976437,3.6260214996519724,3.254863073244947,1.0973111145800811,0.02592189161706342,4.637712023843759
45.333333333333336,0.34961565066047834,14.071180555555555,14.347967833079764,1.1768264127380579,0.01494697265624992,8.116319444444445,0.29869633612995355,14.421302437832495,8.325364051293198,1.1291172338432718,0.026384033203124924,2.904808163470644,0.3889716045289947,10.822875458438986,6.164312106063899,1.1450202934748672,0.03292525027056273,3.4824427835950154,0.6983220278471974,7.2244484790454795,1.5942186481199738,2.2900405869497344,0.0091687499999999,4.060077403719387
47.5,0.4700943859335951,20.555555555555554,19.639888067811345,1.6539182016859193,0.003984798177083234,10.878472222222221,0.34961565066047834,14.071180555555555,14.347967833079764,1.1768264127380579,0.01494697265624992,8.116319444444445,0.29869633612995355,14.421302437832495,8.325364051293198,1.1291172338432718,0.026384033203124924,2.904808163470644,0.3889716045289947,10.822875458438986,6.164312106063899,1.1450202934748672,0.03292525027056273,3.4824427835950154
47.75,0.577202077643884,21.68752420622457,16.606444251249727,1.2404386512644394,0.0015118073593072727,11.547377513662932,0.4700943859335951,20.555555555555554,19.639888067811345,1.6539182016859193,0.003984798177083234,10.878472222222221,0.34961565066047834,14.071180555555555,14.347967833079764,1.1768264127380579,0.01494697265624992,8.116319444444445,0.29869633612995355,14.421302437832495,8.325364051293198,1.1291172338432718,0.026384033203124924,2.904808163470644
49.041666666666664,0.3797758564487837,14.917901514629499,14.971792521474539,1.6594497006882134,0.009038347890786674,11.47449946251644,0.577202077643884,21.68752420622457,16.606444251249727,1.2404386512644394,0.0015118073593072727,11.547377513662932,0.4700943859335951,20.555555555555554,19.639888067811345,1.6539182016859193,0.003984798177083234,10.878472222222221,0.34961565066047834,14.071180555555555,14.347967833079764,1.1768264127380579,0.01494697265624992,8.116319444444445
53.166666666666664,0.46372947161727945,15.059027777777779,17.337127798304717,1.7175304402123006,0.0050619140624999,11.767361111111112,0.3797758564487837,14.917901514629499,14.971792521474539,1.6594497006882134,0.009038347890786674,11.47449946251644,0.577202077643884,21.68752420622457,16.606444251249727,1.2404386512644394,0.0015118073593072727,11.547377513662932,0.4700943859335951,20.555555555555554,19.639888067811345,1.6539182016859193,0.003984798177083234,10.878472222222221
59.833333333333336,0.4828242145662263,18.119791666666668,18.156379048033035,1.5903059631595378,0.0046241699218749,13.121527777777779,0.46372947161727945,15.059027777777779,17.337127798304717,1.7175304402123006,0.0050619140624999,11.767361111111112,0.3797758564487837,14.917901514629499,14.971792521474539,1.6594497006882134,0.009038347890786674,11.47449946251644,0.577202077643884,21.68752420622457,16.606444251249727,1.2404386512644394,0.0015118073593072727,11.547377513662932
34.75,0.5123756024634059,27.539930555555554,18.665643338404696,1.3994692475803934,0.006597998046874904,16.276041666666668,0.4828242145662263,18.119791666666668,18.156379048033035,1.5903059631595378,0.0046241699218749,13.121527777777779,0.46372947161727945,15.059027777777779,17.337127798304717,1.7175304402123006,0.0050619140624999,11.767361111111112,0.3797758564487837,14.917901514629499,14.971792521474539,1.6594497006882134,0.009038347890786674,11.47449946251644
25.083333333333332,0.35507129150303457,13.385416666666666,15.787193001521409,1.1450202934748672,0.02068540039062493,8.182291666666666,0.5123756024634059,27.539930555555554,18.665643338404696,1.3994692475803934,0.006597998046874904,16.276041666666668,0.4828242145662263,18.119791666666668,18.156379048033035,1.5903059631595378,0.0046241699218749,13.121527777777779,0.46372947161727945,15.059027777777779,17.337127798304717,1.7175304402123006,0.0050619140624999,11.767361111111112
41.208333333333336,0.3641640262406283,6.234375,15.322212562486415,1.1450202934748672,0.016528157552083266,5.932291666666667,0.35507129150303457,13.385416666666666,15.787193001521409,1.1450202934748672,0.02068540039062493,8.182291666666666,0.5123756024634059,27.539930555555554,18.665643338404696,1.3994692475803934,0.006597998046874904,16.276041666666668,0.4828242145662263,18.119791666666668,18.156379048033035,1.5903059631595378,0.0046241699218749,13.121527777777779
41.708333333333336,0.4432708184576936,13.352430555555555,19.197049554444686,1.2404386512644394,0.011126660156249907,9.88888888888889,0.3641640262406283,6.234375,15.322212562486415,1.1450202934748672,0.016528157552083266,5.932291666666667,0.35507129150303457,13.385416666666666,15.787193001521409,1.1450202934748672,0.02068540039062493,8.182291666666666,0.5123756024634059,27.539930555555554,18.665643338404696,1.3994692475803934,0.006597998046874904,16.276041666666668
49.416666666666664,0.4464532756158514,15.5,18.510649858726364,1.3199539494224164,0.00938629557291658,10.0,0.4432708184576936,13.352430555555555,19.197049554444686,1.2404386512644394,0.011126660156249907,9.88888888888889,0.3641640262406283,6.234375,15.322212562486415,1.1450202934748672,0.016528157552083266,5.932291666666667,0.35507129150303457,13.385416666666666,15.787193001521409,1.1450202934748672,0.02068540039062493,8.182291666666666
24.25,0.42917707961442336,15.717013888888888,13.019452292979787,1.2563417108960349,0.01506901041666659,11.980902777777779,0.4464532756158514,15.5,18.510649858726364,1.3199539494224164,0.00938629557291658,10.0,0.4432708184576936,13.352430555555555,19.197049554444686,1.2404386512644394,0.011126660156249907,9.88888888888889,0.3641640262406283,6.234375,15.322212562486415,1.1450202934748672,0.016528157552083266,5.932291666666667
35.714285714285715,0.37098357729382364,6.34375,13.927271245381439,1.3199539494224164,0.019324414062499917,5.338541666666667,0.42917707961442336,15.717013888888888,13.019452292979787,1.2563417108960349,0.01506901041666659,11.980902777777779,0.4464532756158514,15.5,18.510649858726364,1.3199539494224164,0.00938629557291658,10.0,0.4432708184576936,13.352430555555555,19.197049554444686,1.2404386512644394,0.011126660156249907,9.88888888888889
43.416666666666664,0.44078114108906674,13.53125,20.19343620951967,1.4226009706808957,0.010607810174851113,8.637152777777777,0.37098357729382364,6.34375,13.927271245381439,1.3199539494224164,0.019324414062499917,5.338541666666667,0.42917707961442336,15.717013888888888,13.019452292979787,1.2563417108960349,0.01506901041666659,11.980902777777779,0.4464532756158514,15.5,18.510649858726364,1.3199539494224164,0.00938629557291658,10.0
41.916666666666664,0.45872846751160296,16.79861111111111,24.3782601608346,1.5425967842647517,0.010781770833333251,10.125,0.44078114108906674,13.53125,20.19343620951967,1.4226009706808957,0.010607810174851113,8.637152777777777,0.37098357729382364,6.34375,13.927271245381439,1.3199539494224164,0.019324414062499917,5.338541666666667,0.42917707961442336,15.717013888888888,13.019452292979787,1.2563417108960349,0.01506901041666659,11.980902777777779
43.541666666666664,0.47782321046054976,17.899305555555554,22.695473810041296,1.89246409615985,0.011975618489583258,10.07986111111111,0.45872846751160296,16.79861111111111,24.3782601608346,1.5425967842647517,0.010781770833333251,10.125,0.44078114108906674,13.53125,20.19343620951967,1.4226009706808957,0.010607810174851113,8.637152777777777,0.37098357729382364,6.34375,13.927271245381439,1.3199539494224164,0.019324414062499917,5.338541666666667
49.666666666666664,0.4887344921456622,18.869791666666668,22.5626222560313,1.765239619107087,0.011965006510416584,10.328125,0.47782321046054976,17.899305555555554,22.695473810041296,1.89246409615985,0.011975618489583258,10.07986111111111,0.45872846751160296,16.79861111111111,24.3782601608346,1.5425967842647517,0.010781770833333251,10.125,0.44078114108906674,13.53125,20.19343620951967,1.4226009706808957,0.010607810174851113,8.637152777777777
56.916666666666664,0.5132848759371652,20.29513888888889,21.411242121277983,2.0833008117389946,0.013355175781249914,12.0625,0.4887344921456622,18.869791666666668,22.5626222560313,1.765239619107087,0.011965006510416584,10.328125,0.47782321046054976,17.899305555555554,22.695473810041296,1.89246409615985,0.011975618489583258,10.07986111111111,0.45872846751160296,16.79861111111111,24.3782601608346,1.5425967842647517,0.010781770833333251,10.125
56.375,0.5369259862549088,20.03472222222222,21.52195174961965,1.8288518576334685,0.012646826171874908,14.880208333333334,0.5132848759371652,20.29513888888889,21.411242121277983,2.0833008117389946,0.013355175781249914,12.0625,0.4887344921456622,18.869791666666668,22.5626222560313,1.765239619107087,0.011965006510416584,10.328125,0.47782321046054976,17.899305555555554,22.695473810041296,1.89246409615985,0.011975618489583258,10.07986111111111
54.0,0.5655681006783291,21.769097222222225,26.481743099326234,1.844754917265064,0.008906103515624908,14.664930555555555,0.5369259862549088,20.03472222222222,21.52195174961965,1.8288518576334685,0.012646826171874908,14.880208333333334,0.5132848759371652,20.29513888888889,21.411242121277983,2.0833008117389946,0.013355175781249914,12.0625,0.4887344921456622,18.869791666666668,22.5626222560313,1.765239619107087,0.011965006510416584,10.328125
52.083333333333336,0.6055761335237414,25.210069444444443,28.18667137578787,1.7970457383702778,0.008412646484374904,13.501736111111112,0.5655681006783291,21.769097222222225,26.481743099326234,1.844754917265064,0.008906103515624908,14.664930555555555,0.5369259862549088,20.03472222222222,21.52195174961965,1.8288518576334685,0.012646826171874908,14.880208333333334,0.5132848759371652,20.29513888888889,21.411242121277983,2.0833008117389946,0.013355175781249914,12.0625
52.15,0.5855721171010352,26.14236111111111,28.341664855466206,2.2423314080549486,0.0095905761718749,12.560763888888888,0.6055761335237414,25.210069444444443,28.18667137578787,1.7970457383702778,0.008412646484374904,13.501736111111112,0.5655681006783291,21.769097222222225,26.481743099326234,1.844754917265064,0.008906103515624908,14.664930555555555,0.5369259862549088,20.03472222222222,21.52195174961965,1.8288518576334685,0.012646826171874908,14.880208333333334
34.333333333333336,0.5634464625728905,25.874396135265698,26.038904585959575,1.9951111174183291,0.009255692429315404,12.791666666666666,0.5855721171010352,26.14236111111111,28.341664855466206,2.2423314080549486,0.0095905761718749,12.560763888888888,0.6055761335237414,25.210069444444443,28.18667137578787,1.7970457383702778,0.008412646484374904,13.501736111111112,0.5655681006783291,21.769097222222225,26.481743099326234,1.844754917265064,0.008906103515624908,14.664930555555555
36.25,0.5030880234100065,15.712711352657005,20.81341012823299,1.733433499843896,0.013132324218749923,8.10763888888889,0.5634464625728905,25.874396135265698,26.038904585959575,1.9951111174183291,0.009255692429315404,12.791666666666666,0.5855721171010352,26.14236111111111,28.341664855466206,2.2423314080549486,0.0095905761718749,12.560763888888888,0.6055761335237414,25.210069444444443,28.18667137578787,1.7970457383702778,0.008412646484374904,13.501736111111112
52.333333333333336,0.5064653248839699,13.059027777777779,18.93134644642469,2.401362004370902,0.01969052734374994,8.52951388888889,0.5030880234100065,15.712711352657005,20.81341012823299,1.733433499843896,0.013132324218749923,8.10763888888889,0.5634464625728905,25.874396135265698,26.038904585959575,1.9951111174183291,0.009255692429315404,12.791666666666666,0.5855721171010352,26.14236111111111,28.341664855466206,2.2423314080549486,0.0095905761718749,12.560763888888888
49.77272727272727,0.6110317743662976,19.163194444444443,19.728455770484675,1.9083671557914454,0.013899039713541601,12.859375,0.5064653248839699,13.059027777777779,18.93134644642469,2.401362004370902,0.01969052734374994,8.52951388888889,0.5030880234100065,15.712711352657005,20.81341012823299,1.733433499843896,0.013132324218749923,8.10763888888889,0.5634464625728905,25.874396135265698,26.038904585959575,1.9951111174183291,0.009255692429315404,12.791666666666666
41.041666666666664,0.594413719164924,17.36771578361252,23.47849281776689,1.8917726587845631,0.009274996124751895,12.00189393939394,0.6110317743662976,19.163194444444443,19.728455770484675,1.9083671557914454,0.013899039713541601,12.859375,0.5064653248839699,13.059027777777779,18.93134644642469,2.401362004370902,0.01969052734374994,8.52951388888889,0.5030880234100065,15.712711352657005,20.81341012823299,1.733433499843896,0.013132324218749923,8.10763888888889
44.833333333333336,0.3618908425562299,15.628665145241234,23.62543468811128,2.3536528254761158,0.015310432942708252,9.730408706631533,0.594413719164924,17.36771578361252,23.47849281776689,1.8917726587845631,0.009274996124751895,12.00189393939394,0.6110317743662976,19.163194444444443,19.728455770484675,1.9083671557914454,0.013899039713541601,12.859375,0.5064653248839699,13.059027777777779,18.93134644642469,2.401362004370902,0.01969052734374994,8.52951388888889
51.583333333333336,0.39735250803284533,17.213541666666668,22.784041512714627,1.9560763346862313,0.014724121093749919,10.75,0.3618908425562299,15.628665145241234,23.62543468811128,2.3536528254761158,0.015310432942708252,9.730408706631533,0.594413719164924,17.36771578361252,23.47849281776689,1.8917726587845631,0.009274996124751895,12.00189393939394,0.6110317743662976,19.163194444444443,19.728455770484675,1.9083671557914454,0.013899039713541601,12.859375
46.375,0.4091730631917172,23.223958333333332,25.19751141056292,2.1946222291601623,0.012654785156249909,12.194444444444445,0.39735250803284533,17.213541666666668,22.784041512714627,1.9560763346862313,0.014724121093749919,10.75,0.3618908425562299,15.628665145241234,23.62543468811128,2.3536528254761158,0.015310432942708252,9.730408706631533,0.594413719164924,17.36771578361252,23.47849281776689,1.8917726587845631,0.009274996124751895,12.00189393939394
47.625,0.42417607550874675,22.354166666666668,27.47812975440122,2.353652825476116,0.013339257812499917,10.838541666666666,0.4091730631917172,23.223958333333332,25.19751141056292,2.1946222291601623,0.012654785156249909,12.194444444444445,0.39735250803284533,17.213541666666668,22.784041512714627,1.9560763346862313,0.014724121093749919,10.75,0.3618908425562299,15.628665145241234,23.62543468811128,2.3536528254761158,0.015310432942708252,9.730408706631533
50.0,0.48146030435558723,22.114583333333332,25.26393718756792,2.433168123634093,0.015061051432291604,11.078125,0.42417607550874675,22.354166666666668,27.47812975440122,2.353652825476116,0.013339257812499917,10.838541666666666,0.4091730631917172,23.223958333333332,25.19751141056292,2.1946222291601623,0.012654785156249909,12.194444444444445,0.39735250803284533,17.213541666666668,22.784041512714627,1.9560763346862313,0.014724121093749919,10.75
43.083333333333336,0.4978272268832559,19.96875,23.49258313410128,2.6717140181080237,0.01560491536458325,11.696180555555555,0.48146030435558723,22.114583333333332,25.26393718756792,2.433168123634093,0.015061051432291604,11.078125,0.42417607550874675,22.354166666666668,27.47812975440122,2.353652825476116,0.013339257812499917,10.838541666666666,0.4091730631917172,23.223958333333332,25.19751141056292,2.1946222291601623,0.012654785156249909,12.194444444444445
30.75,0.48691594519814346,19.020833333333332,23.160454249076285,2.09920387137059,0.011065641276041585,10.315972222222223,0.4978272268832559,19.96875,23.49258313410128,2.6717140181080237,0.01560491536458325,11.696180555555555,0.48146030435558723,22.114583333333332,25.26393718756792,2.433168123634093,0.015061051432291604,11.078125,0.42417607550874675,22.354166666666668,27.47812975440122,2.353652825476116,0.013339257812499917,10.838541666666666
34.416666666666664,0.36461866297750795,13.661458333333334,11.24809823951315,1.7811426787386822,0.03092596028645829,5.427083333333333,0.48691594519814346,19.020833333333332,23.160454249076285,2.09920387137059,0.011065641276041585,10.315972222222223,0.4978272268832559,19.96875,23.49258313410128,2.6717140181080237,0.01560491536458325,11.696180555555555,0.48146030435558723,22.114583333333332,25.26393718756792,2.433168123634093,0.015061051432291604,11.078125
56.458333333333336,0.4764593002499107,16.00347222222222,27.721690936752882,1.9242702154230409,0.013686800130208251,7.725694444444444,0.36461866297750795,13.661458333333334,11.24809823951315,1.7811426787386822,0.03092596028645829,5.427083333333333,0.48691594519814346,19.020833333333332,23.160454249076285,2.09920387137059,0.011065641276041585,10.315972222222223,0.4978272268832559,19.96875,23.49258313410128,2.6717140181080237,0.01560491536458325,11.696180555555555
61.45454545454545,0.5832989334166369,29.862847222222225,29.648038469897852,2.464974242897284,0.007436344401041572,14.663194444444445,0.4764593002499107,16.00347222222222,27.721690936752882,1.9242702154230409,0.013686800130208251,7.725694444444444,0.36461866297750795,13.661458333333334,11.24809823951315,1.7811426787386822,0.03092596028645829,5.427083333333333,0.48691594519814346,19.020833333333332,23.160454249076285,2.09920387137059,0.011065641276041585,10.315972222222223
59.708333333333336,0.599730804049574,35.072916666666664,27.633123234079548,1.6654840632361705,0.006743407428075325,17.066425120772948,0.5832989334166369,29.862847222222225,29.648038469897852,2.464974242897284,0.007436344401041572,14.663194444444445,0.4764593002499107,16.00347222222222,27.721690936752882,1.9242702154230409,0.013686800130208251,7.725694444444444,0.36461866297750795,13.661458333333334,11.24809823951315,1.7811426787386822,0.03092596028645829,5.427083333333333
34.791666666666664,0.5041921411995715,34.74305555555555,16.872147359269725,1.1609233531064624,0.019653385416666617,16.30774456521739,0.599730804049574,35.072916666666664,27.633123234079548,1.6654840632361705,0.006743407428075325,17.066425120772948,0.5832989334166369,29.862847222222225,29.648038469897852,2.464974242897284,0.007436344401041572,14.663194444444445,0.4764593002499107,16.00347222222222,27.721690936752882,1.9242702154230409,0.013686800130208251,7.725694444444444
38.708333333333336,0.45372746340592635,11.465277777777779,16.16360573788307,1.4471784264751795,0.02677932942708332,7.416666666666667,0.5041921411995715,34.74305555555555,16.872147359269725,1.1609233531064624,0.019653385416666617,16.30774456521739,0.599730804049574,35.072916666666664,27.633123234079548,1.6654840632361705,0.006743407428075325,17.066425120772948,0.5832989334166369,29.862847222222225,29.648038469897852,2.464974242897284,0.007436344401041572,14.663194444444445
33.041666666666664,0.5414723536237057,16.729166666666668,21.78765485763964,1.6698212613175147,0.015790624999999944,9.267361111111112,0.45372746340592635,11.465277777777779,16.16360573788307,1.4471784264751795,0.02677932942708332,7.416666666666667,0.5041921411995715,34.74305555555555,16.872147359269725,1.1609233531064624,0.019653385416666617,16.30774456521739,0.599730804049574,35.072916666666664,27.633123234079548,1.6654840632361705,0.006743407428075325,17.066425120772948
44.208333333333336,0.47964175740806847,12.291666666666666,22.164067594001306,1.717530440212301,0.02170149739583331,7.3125,0.5414723536237057,16.729166666666668,21.78765485763964,1.6698212613175147,0.015790624999999944,9.267361111111112,0.45372746340592635,11.465277777777779,16.16360573788307,1.4471784264751795,0.02677932942708332,7.416666666666667,0.5041921411995715,34.74305555555555,16.872147359269725,1.1609233531064624,0.019653385416666617,16.30774456521739
56.291666666666664,0.5632949169939306,22.21875,25.795343403607912,1.5107906650015608,0.013450683593749997,10.515625,0.47964175740806847,12.291666666666666,22.164067594001306,1.717530440212301,0.02170149739583331,7.3125,0.5414723536237057,16.729166666666668,21.78765485763964,1.6698212613175147,0.015790624999999944,9.267361111111112,0.45372746340592635,11.465277777777779,16.16360573788307,1.4471784264751795,0.02677932942708332,7.416666666666667
65.0909090909091,0.6310357907890038,29.897569444444443,32.9029015431428,1.812948798001873,0.009585270182291649,14.638888888888888,0.5632949169939306,22.21875,25.795343403607912,1.5107906650015608,0.013450683593749997,10.515625,0.47964175740806847,12.291666666666666,22.164067594001306,1.717530440212301,0.02170149739583331,7.3125,0.5414723536237057,16.729166666666668,21.78765485763964,1.6698212613175147,0.015790624999999944,9.267361111111112
59.583333333333336,0.656105759422655,42.43055555555555,27.657278062081367,1.5440425169585332,0.008650658017113072,18.76388888888889,0.6310357907890038,29.897569444444443,32.9029015431428,1.812948798001873,0.009585270182291649,14.638888888888888,0.5632949169939306,22.21875,25.795343403607912,1.5107906650015608,0.013450683593749997,10.515625,0.47964175740806847,12.291666666666666,22.164067594001306,1.717530440212301,0.02170149739583331,7.3125
56.5,0.5623856435201712,40.473958333333336,16.495734622908063,1.0655049953168902,0.015607568359374989,16.20138888888889,0.656105759422655,42.43055555555555,27.657278062081367,1.5440425169585332,0.008650658017113072,18.76388888888889,0.6310357907890038,29.897569444444443,32.9029015431428,1.812948798001873,0.009585270182291649,14.638888888888888,0.5632949169939306,22.21875,25.795343403607912,1.5107906650015608,0.013450683593749997,10.515625
37.166666666666664,0.5628402802570509,37.02777777777778,9.521028037383177,0.8269591008429596,0.02723299153645831,14.682291666666666,0.5623856435201712,40.473958333333336,16.495734622908063,1.0655049953168902,0.015607568359374989,16.20138888888889,0.656105759422655,42.43055555555555,27.657278062081367,1.5440425169585332,0.008650658017113072,18.76388888888889,0.6310357907890038,29.897569444444443,32.9029015431428,1.812948798001873,0.009585270182291649,14.638888888888888
29.583333333333332,0.5401084434130666,16.272569444444443,13.307297326668115,0.4134795504214797,0.03379650065104165,7.798611111111111,0.5628402802570509,37.02777777777778,9.521028037383177,0.8269591008429596,0.02723299153645831,14.682291666666666,0.5623856435201712,40.473958333333336,16.495734622908063,1.0655049953168902,0.015607568359374989,16.20138888888889,0.656105759422655,42.43055555555555,27.657278062081367,1.5440425169585332,0.008650658017113072,18.76388888888889
38.75,0.5928463048911102,10.795138888888888,20.835552053901328,0.5725101467374335,0.019552571614583302,6.751736111111111,0.5401084434130666,16.272569444444443,13.307297326668115,0.4134795504214797,0.03379650065104165,7.798611111111111,0.5628402802570509,37.02777777777778,9.521028037383177,0.8269591008429596,0.02723299153645831,14.682291666666666,0.5623856435201712,40.473958333333336,16.495734622908063,1.0655049953168902,0.015607568359374989,16.20138888888889
44.31818181818182,0.6233069662620492,18.44097222222222,24.97609215387959,0.715637683421792,0.013901692708333309,9.303819444444445,0.5928463048911102,10.795138888888888,20.835552053901328,0.5725101467374335,0.019552571614583302,6.751736111111111,0.5401084434130666,16.272569444444443,13.307297326668115,0.4134795504214797,0.03379650065104165,7.798611111111111,0.5628402802570509,37.02777777777778,9.521028037383177,0.8269591008429596,0.02723299153645831,14.682291666666666
56.083333333333336,0.6398687331055234,19.32638888888889,25.96644010195412,1.0952368024542207,0.009531452287946397,10.616319444444445,0.6233069662620492,18.44097222222222,24.97609215387959,0.715637683421792,0.013901692708333309,9.303819444444445,0.5928463048911102,10.795138888888888,20.835552053901328,0.5725101467374335,0.019552571614583302,6.751736111111111,0.5401084434130666,16.272569444444443,13.307297326668115,0.4134795504214797,0.03379650065104165,7.798611111111111
48.0,0.6969581176365582,28.01388888888889,25.55178222125625,1.1927294723696533,0.010596061197916654,14.541666666666666,0.6398687331055234,19.32638888888889,25.96644010195412,1.0952368024542207,0.009531452287946397,10.616319444444445,0.6233069662620492,18.44097222222222,24.97609215387959,0.715637683421792,0.013901692708333309,9.303819444444445,0.5928463048911102,10.795138888888888,20.835552053901328,0.5725101467374335,0.019552571614583302,6.751736111111111
29.333333333333332,0.6201245091038913,24.77088823012736,11.473543300863449,0.7806956546419549,0.02543350306919641,11.887955643390427,0.6969581176365582,28.01388888888889,25.55178222125625,1.1927294723696533,0.010596061197916654,14.541666666666666,0.6398687331055234,19.32638888888889,25.96644010195412,1.0952368024542207,0.009531452287946397,10.616319444444445,0.6233069662620492,18.44097222222222,24.97609215387959,0.715637683421792,0.013901692708333309,9.303819444444445
36.47826086956522,0.5692051945733665,9.386295015371102,17.093566615953055,0.8746682797377457,0.02262208658854165,6.377834046991656,0.6201245091038913,24.77088823012736,11.473543300863449,0.7806956546419549,0.02543350306919641,11.887955643390427,0.6969581176365582,28.01388888888889,25.55178222125625,1.1927294723696533,0.010596061197916654,14.541666666666666,0.6398687331055234,19.32638888888889,25.96644010195412,1.0952368024542207,0.009531452287946397,10.616319444444445
32.17391304347826,0.6601974900545722,14.311367753623188,19.176833013617077,0.8795083413647531,0.01645917968749996,8.704559178743962,0.5692051945733665,9.386295015371102,17.093566615953055,0.8746682797377457,0.02262208658854165,6.377834046991656,0.6201245091038913,24.77088823012736,11.473543300863449,0.7806956546419549,0.02543350306919641,11.887955643390427,0.6969581176365582,28.01388888888889,25.55178222125625,1.1927294723696533,0.010596061197916654,14.541666666666666
35.166666666666664,0.5944700075228234,13.47463768115942,23.12772270678397,1.0288588144266924,0.019186079334077354,7.172101449275362,0.6601974900545722,14.311367753623188,19.176833013617077,0.8795083413647531,0.01645917968749996,8.704559178743962,0.5692051945733665,9.386295015371102,17.093566615953055,0.8746682797377457,0.02262208658854165,6.377834046991656,0.6201245091038913,24.77088823012736,11.473543300863449,0.7806956546419549,0.02543350306919641,11.887955643390427
49.583333333333336,0.6442202561585147,16.198822463768114,24.95395022821126,1.5584998438963469,0.016098372395833317,8.07397342995169,0.5944700075228234,13.47463768115942,23.12772270678397,1.0288588144266924,0.019186079334077354,7.172101449275362,0.6601974900545722,14.311367753623188,19.176833013617077,0.8795083413647531,0.01645917968749996,8.704559178743962,0.5692051945733665,9.386295015371102,17.093566615953055,0.8746682797377457,0.02262208658854165,6.377834046991656
47.95454545454545,0.7028683952159942,25.729166666666668,26.858155835687892,2.8307446144239776,0.01097013346354165,12.111111111111112,0.6442202561585147,16.198822463768114,24.95395022821126,1.5584998438963469,0.016098372395833317,8.07397342995169,0.5944700075228234,13.47463768115942,23.12772270678397,1.0288588144266924,0.019186079334077354,7.172101449275362,0.6601974900545722,14.311367753623188,19.176833013617077,0.8795083413647531,0.01645917968749996,8.704559178743962
34.791666666666664,0.6640943763706838,24.255208333333332,17.68133409733062,1.0952368024542207,0.017930454799107116,11.539930555555555,0.7028683952159942,25.729166666666668,26.858155835687892,2.8307446144239776,0.01097013346354165,12.111111111111112,0.6442202561585147,16.198822463768114,24.95395022821126,1.5584998438963469,0.016098372395833317,8.07397342995169,0.5944700075228234,13.47463768115942,23.12772270678397,1.0288588144266924,0.019186079334077354,7.172101449275362
29.666666666666668,0.6601325419493037,12.494791666666666,11.956639860899806,0.7315407430533875,0.017974039713541654,8.338541666666666,0.6640943763706838,24.255208333333332,17.68133409733062,1.0952368024542207,0.017930454799107116,11.539930555555555,0.7028683952159942,25.729166666666668,26.858155835687892,2.8307446144239776,0.01097013346354165,12.111111111111112,0.6442202561585147,16.198822463768114,24.95395022821126,1.5584998438963469,0.016098372395833317,8.07397342995169
37.125,0.6446748928953944,10.479166666666666,12.333052597261464,0.5884132063690289,0.026845654296874976,6.642361111111111,0.6601325419493037,12.494791666666666,11.956639860899806,0.7315407430533875,0.017974039713541654,8.338541666666666,0.6640943763706838,24.255208333333332,17.68133409733062,1.0952368024542207,0.017930454799107116,11.539930555555555,0.7028683952159942,25.729166666666668,26.858155835687892,2.8307446144239776,0.01097013346354165,12.111111111111112
52.80952380952381,0.7315105096394144,15.522569444444445,19.08633992610302,0.715637683421792,0.01353292643229165,8.895833333333334,0.6446748928953944,10.479166666666666,12.333052597261464,0.5884132063690289,0.026845654296874976,6.642361111111111,0.6601325419493037,12.494791666666666,11.956639860899806,0.7315407430533875,0.017974039713541654,8.338541666666666,0.6640943763706838,24.255208333333332,17.68133409733062,1.0952368024542207,0.017930454799107116,11.539930555555555
47.083333333333336,0.7121776236378164,22.592013888888886,19.613720337476042,0.7806956546419549,0.01633322560143846,13.21875,0.7315105096394144,15.522569444444445,19.08633992610302,0.715637683421792,0.01353292643229165,8.895833333333334,0.6446748928953944,10.479166666666666,12.333052597261464,0.5884132063690289,0.026845654296874976,6.642361111111111,0.6601325419493037,12.494791666666666,11.956639860899806,0.7315407430533875,0.017974039713541654,8.338541666666666
41.208333333333336,0.6433109826847553,18.100694444444443,14.635812866768093,0.6043162660006244,0.03090473632812499,11.338541666666666,0.7121776236378164,22.592013888888886,19.613720337476042,0.7806956546419549,0.01633322560143846,13.21875,0.7315105096394144,15.522569444444445,19.08633992610302,0.715637683421792,0.01353292643229165,8.895833333333334,0.6446748928953944,10.479166666666666,12.333052597261464,0.5884132063690289,0.026845654296874976,6.642361111111111
33.291666666666664,0.7196899544805427,16.81597222222222,23.49258313410128,0.6679285045270058,0.008866308593749962,9.88888888888889,0.6433109826847553,18.100694444444443,14.635812866768093,0.6043162660006244,0.03090473632812499,11.338541666666666,0.7121776236378164,22.592013888888886,19.613720337476042,0.7806956546419549,0.01633322560143846,13.21875,0.7315105096394144,15.522569444444445,19.08633992610302,0.715637683421792,0.01353292643229165,8.895833333333334
28.166666666666668,0.6383099785790788,9.321180555555555,8.43607367963486,0.4134795504214797,0.029495996093749977,6.317708333333333,0.7196899544805427,16.81597222222222,23.49258313410128,0.6679285045270058,0.008866308593749962,9.88888888888889,0.6433109826847553,18.100694444444443,14.635812866768093,0.6043162660006244,0.03090473632812499,11.338541666666666,0.7121776236378164,22.592013888888886,19.613720337476042,0.7806956546419549,0.01633322560143846,13.21875
30.958333333333332,0.5301064352017135,5.253472222222222,12.399478374266463,0.5884132063690289,0.03021495768229165,3.7274305555555554,0.6383099785790788,9.321180555555555,8.43607367963486,0.4134795504214797,0.029495996093749977,6.317708333333333,0.7196899544805427,16.81597222222222,23.49258313410128,0.6679285045270058,0.008866308593749962,9.88888888888889,0.6433109826847553,18.100694444444443,14.635812866768093,0.6043162660006244,0.03090473632812499,11.338541666666666
28.458333333333332,0.525105431096037,5.001736111111112,7.129700065203217,0.6679285045270058,0.033422428385416654,4.326388888888888,0.5301064352017135,5.253472222222222,12.399478374266463,0.5884132063690289,0.03021495768229165,3.7274305555555554,0.6383099785790788,9.321180555555555,8.43607367963486,0.4134795504214797,0.029495996093749977,6.317708333333333,0.7196899544805427,16.81597222222222,23.49258313410128,0.6679285045270058,0.008866308593749962,9.88888888888889
33.916666666666664,0.5346528025705104,4.798611111111112,11.292382090849815,0.44528566968467054,0.027408089192708315,5.232638888888888,0.525105431096037,5.001736111111112,7.129700065203217,0.6679285045270058,0.033422428385416654,4.326388888888888,0.5301064352017135,5.253472222222222,12.399478374266463,0.5884132063690289,0.03021495768229165,3.7274305555555554,0.6383099785790788,9.321180555555555,8.43607367963486,0.4134795504214797,0.029495996093749977,6.317708333333333
30.166666666666668,0.5255600678329166,4.741319444444445,7.461828950228212,0.381673431158289,0.03665642903645832,5.213541666666667,0.5346528025705104,4.798611111111112,11.292382090849815,0.44528566968467054,0.027408089192708315,5.232638888888888,0.525105431096037,5.001736111111112,7.129700065203217,0.6679285045270058,0.033422428385416654,4.326388888888888,0.5301064352017135,5.253472222222222,12.399478374266463,0.5884132063690289,0.03021495768229165,3.7274305555555554
43.041666666666664,0.5742061986790431,10.28298611111111,17.558547054988047,0.6679285045270058,0.02245760091145832,6.940972222222222,0.5255600678329166,4.741319444444445,7.461828950228212,0.381673431158289,0.03665642903645832,5.213541666666667,0.5346528025705104,4.798611111111112,11.292382090849815,0.44528566968467054,0.027408089192708315,5.232638888888888,0.525105431096037,5.001736111111112,7.129700065203217,0.6679285045270058,0.033422428385416654,4.326388888888888
31.956521739130434,0.588754574259193,20.26388888888889,14.104406650728102,0.47709178894786125,0.023616959635416646,10.317708333333334,0.5742061986790431,10.28298611111111,17.558547054988047,0.6679285045270058,0.02245760091145832,6.940972222222222,0.5255600678329166,4.741319444444445,7.461828950228212,0.381673431158289,0.03665642903645832,5.213541666666667,0.5346528025705104,4.798611111111112,11.292382090849815,0.44528566968467054,0.027408089192708315,5.232638888888888
27.125,0.46390266656466217,11.185763888888888,9.588416506808539,0.381673431158289,0.033685959201388865,7.041666666666667,0.588754574259193,20.26388888888889,14.104406650728102,0.47709178894786125,0.023616959635416646,10.317708333333334,0.5742061986790431,10.28298611111111,17.558547054988047,0.6679285045270058,0.02245760091145832,6.940972222222222,0.5255600678329166,4.741319444444445,7.461828950228212,0.381673431158289,0.03665642903645832,5.213541666666667
36.208333333333336,0.33552191181720814,6.1875,8.391789828298196,0.381673431158289,0.02825704752604165,5.161458333333333,0.46390266656466217,11.185763888888888,9.588416506808539,0.381673431158289,0.033685959201388865,7.041666666666667,0.588754574259193,20.26388888888889,14.104406650728102,0.47709178894786125,0.023616959635416646,10.317708333333334,0.5742061986790431,10.28298611111111,17.558547054988047,0.6679285045270058,0.02245760091145832,6.940972222222222
28.875,0.3223374464476972,5.960069444444444,6.221881112801565,0.381673431158289,0.03910514322916666,4.118055555555555,0.33552191181720814,6.1875,8.391789828298196,0.381673431158289,0.02825704752604165,5.161458333333333,0.46390266656466217,11.185763888888888,9.588416506808539,0.381673431158289,0.033685959201388865,7.041666666666667,0.588754574259193,20.26388888888889,14.104406650728102,0.47709178894786125,0.023616959635416646,10.317708333333334
142.29166666666666,0.35961765887183145,11.185763888888888,16.894289284938058,0.42938261005307515,0.026869531249999985,4.758680555555555,0.3223374464476972,5.960069444444444,6.221881112801565,0.381673431158289,0.03910514322916666,4.118055555555555,0.33552191181720814,6.1875,8.391789828298196,0.381673431158289,0.02825704752604165,5.161458333333333,0.46390266656466217,11.185763888888888,9.588416506808539,0.381673431158289,0.033685959201388865,7.041666666666667
168.04761904761904,0.38462267940021416,226.40625,17.824250163008042,0.47709178894786125,0.02146272786458331,43.085069444444436,0.35961765887183145,11.185763888888888,16.894289284938058,0.42938261005307515,0.026869531249999985,4.758680555555555,0.3223374464476972,5.960069444444444,6.221881112801565,0.381673431158289,0.03910514322916666,4.118055555555555,0.33552191181720814,6.1875,8.391789828298196,0.381673431158289,0.02825704752604165,5.161458333333333
62.0,0.4242626729824382,269.30902777777777,16.328663729228825,0.45106860045979613,0.01740768849206346,49.67881944444445,0.38462267940021416,226.40625,17.824250163008042,0.47709178894786125,0.02146272786458331,43.085069444444436,0.35961765887183145,11.185763888888888,16.894289284938058,0.42938261005307515,0.026869531249999985,4.758680555555555,0.3223374464476972,5.960069444444444,6.221881112801565,0.381673431158289,0.03910514322916666,4.118055555555555
28.125,0.341782909165094,61.192708333333336,6.066887633123234,0.381673431158289,0.03602476360987102,15.390625,0.4242626729824382,269.30902777777777,16.328663729228825,0.45106860045979613,0.01740768849206346,49.67881944444445,0.38462267940021416,226.40625,17.824250163008042,0.47709178894786125,0.02146272786458331,43.085069444444436,0.35961765887183145,11.185763888888888,16.894289284938058,0.42938261005307515,0.026869531249999985,4.758680555555555
31.75,0.409887492349671,12.868055555555555,14.414393610084764,0.381673431158289,0.02636280924479165,5.871527777777778,0.341782909165094,61.192708333333336,6.066887633123234,0.381673431158289,0.03602476360987102,15.390625,0.4242626729824382,269.30902777777777,16.328663729228825,0.45106860045979613,0.01740768849206346,49.67881944444445,0.38462267940021416,226.40625,17.824250163008042,0.47709178894786125,0.02146272786458331,43.085069444444436
36.25,0.4205389816137093,16.723958333333332,10.340279287111498,0.4134795504214797,0.014578964378720208,7.609375,0.409887492349671,12.868055555555555,14.414393610084764,0.381673431158289,0.02636280924479165,5.871527777777778,0.341782909165094,61.192708333333336,6.066887633123234,0.381673431158289,0.03602476360987102,15.390625,0.4242626729824382,269.30902777777777,16.328663729228825,0.45106860045979613,0.01740768849206346,49.67881944444445
35.416666666666664,0.37280212424134235,16.18402777777778,4.561236687676592,0.4611887293162659,0.038956575520833314,7.086805555555556,0.4205389816137093,16.723958333333332,10.340279287111498,0.4134795504214797,0.014578964378720208,7.609375,0.409887492349671,12.868055555555555,14.414393610084764,0.381673431158289,0.02636280924479165,5.871527777777778,0.341782909165094,61.192708333333336,6.066887633123234,0.381673431158289,0.03602476360987102,15.390625
39.083333333333336,0.3600722956087112,9.729166666666666,7.373261247554879,0.381673431158289,0.038314550781249984,3.8055555555555554,0.37280212424134235,16.18402777777778,4.561236687676592,0.4611887293162659,0.038956575520833314,7.086805555555556,0.4205389816137093,16.723958333333332,10.340279287111498,0.4134795504214797,0.014578964378720208,7.609375,0.409887492349671,12.868055555555555,14.414393610084764,0.381673431158289,0.02636280924479165,5.871527777777778
32.04761904761905,0.3491610139235987,3.553819444444444,4.295533579656596,0.381673431158289,0.04215608723958333,2.850694444444444,0.3600722956087112,9.729166666666666,7.373261247554879,0.381673431158289,0.038314550781249984,3.8055555555555554,0.37280212424134235,16.18402777777778,4.561236687676592,0.4611887293162659,0.038956575520833314,7.086805555555556,0.4205389816137093,16.723958333333332,10.340279287111498,0.4134795504214797,0.014578964378720208,7.609375
31.708333333333332,0.3491610139235987,7.170138888888889,10.729344552426491,0.4684173927851729,0.034115618024553554,4.857638888888888,0.3491610139235987,3.553819444444444,4.295533579656596,0.381673431158289,0.04215608723958333,2.850694444444444,0.3600722956087112,9.729166666666666,7.373261247554879,0.381673431158289,0.038314550781249984,3.8055555555555554,0.37280212424134235,16.18402777777778,4.561236687676592,0.4611887293162659,0.038956575520833314,7.086805555555556
27.125,0.32506526686897536,6.864583333333333,10.93811128015649,0.381673431158289,0.03416526692708329,6.204861111111111,0.3491610139235987,7.170138888888889,10.729344552426491,0.4684173927851729,0.034115618024553554,4.857638888888888,0.3491610139235987,3.553819444444444,4.295533579656596,0.381673431158289,0.04215608723958333,2.850694444444444,0.3600722956087112,9.729166666666666,7.373261247554879,0.381673431158289,0.038314550781249984,3.8055555555555554
36.291666666666664,0.33824973223848626,12.854166666666666,12.133775266246468,0.381673431158289,0.023977766927083297,6.513888888888889,0.32506526686897536,6.864583333333333,10.93811128015649,0.381673431158289,0.03416526692708329,6.204861111111111,0.3491610139235987,7.170138888888889,10.729344552426491,0.4684173927851729,0.034115618024553554,4.857638888888888,0.3491610139235987,3.553819444444444,4.295533579656596,0.381673431158289,0.04215608723958333,2.850694444444444
31.304347826086957,0.28051086665476604,18.869791666666668,7.661106281243208,0.5566070871058382,0.03306427408854166,8.684027777777777,0.33824973223848626,12.854166666666666,12.133775266246468,0.381673431158289,0.023977766927083297,6.513888888888889,0.32506526686897536,6.864583333333333,10.93811128015649,0.381673431158289,0.03416526692708329,6.204861111111111,0.3491610139235987,7.170138888888889,10.729344552426491,0.4684173927851729,0.034115618024553554,4.857638888888888
54.30434782608695,0.281485088233794,14.053291062801932,10.212241195203312,0.5144294072133461,0.030892608351934487,7.09608997584541,0.28051086665476604,18.869791666666668,7.661106281243208,0.5566070871058382,0.03306427408854166,8.684027777777777,0.33824973223848626,12.854166666666666,12.133775266246468,0.381673431158289,0.023977766927083297,6.513888888888889,0.32506526686897536,6.864583333333333,10.93811128015649,0.381673431158289,0.03416526692708329,6.204861111111111
66.61111111111111,0.3051261985515376,38.39410408432148,12.799958421137182,0.5974018922477567,0.021355092075892826,13.71977931488801,0.281485088233794,14.053291062801932,10.212241195203312,0.5144294072133461,0.030892608351934487,7.09608997584541,0.28051086665476604,18.869791666666668,7.661106281243208,0.5566070871058382,0.03306427408854166,8.684027777777777,0.33824973223848626,12.854166666666666,12.133775266246468,0.381673431158289,0.023977766927083297,6.513888888888889
66.78260869565217,0.2584371706108362,65.41197299077734,13.639426211693111,0.381673431158289,0.03022908172123012,19.357213438735176,0.3051261985515376,38.39410408432148,12.799958421137182,0.5974018922477567,0.021355092075892826,13.71977931488801,0.281485088233794,14.053291062801932,10.212241195203312,0.5144294072133461,0.030892608351934487,7.09608997584541,0.28051086665476604,18.869791666666668,7.661106281243208,0.5566070871058382,0.03306427408854166,8.684027777777777
44.43478260869565,0.21835552991278617,52.46879117259552,12.52270300407284,0.381673431158289,0.025519535900297582,19.693758234519105,0.2584371706108362,65.41197299077734,13.639426211693111,0.381673431158289,0.03022908172123012,19.357213438735176,0.3051261985515376,38.39410408432148,12.799958421137182,0.5974018922477567,0.021355092075892826,13.71977931488801,0.281485088233794,14.053291062801932,10.212241195203312,0.5144294072133461,0.030892608351934487,7.09608997584541
36.458333333333336,0.20763909254347931,19.746376811594203,12.961690747758048,0.381673431158289,0.033031301153273795,10.394927536231885,0.21835552991278617,52.46879117259552,12.52270300407284,0.381673431158289,0.025519535900297582,19.693758234519105,0.2584371706108362,65.41197299077734,13.639426211693111,0.381673431158289,0.03022908172123012,19.357213438735176,0.3051261985515376,38.39410408432148,12.799958421137182,0.5974018922477567,0.021355092075892826,13.71977931488801
36.5,0.1782176008568368,9.948067632850242,7.284693544881548,0.381673431158289,0.039296158854166645,6.3136322463768115,0.20763909254347931,19.746376811594203,12.961690747758048,0.381673431158289,0.033031301153273795,10.394927536231885,0.21835552991278617,52.46879117259552,12.52270300407284,0.381673431158289,0.025519535900297582,19.693758234519105,0.2584371706108362,65.41197299077734,13.639426211693111,0.381673431158289,0.03022908172123012,19.357213438735176
34.875,0.1336632006426276,6.737847222222222,7.550396652901544,0.381673431158289,0.03943676757812498,4.5625,0.1782176008568368,9.948067632850242,7.284693544881548,0.381673431158289,0.039296158854166645,6.3136322463768115,0.20763909254347931,19.746376811594203,12.961690747758048,0.381673431158289,0.033031301153273795,10.394927536231885,0.21835552991278617,52.46879117259552,12.52270300407284,0.381673431158289,0.025519535900297582,19.693758234519105
38.541666666666664,0.10456644948232768,5.682291666666667,7.439687024559878,0.508897908211052,0.03761681315104166,3.982638888888889,0.1336632006426276,6.737847222222222,7.550396652901544,0.381673431158289,0.03943676757812498,4.5625,0.1782176008568368,9.948067632850242,7.284693544881548,0.381673431158289,0.039296158854166645,6.3136322463768115,0.20763909254347931,19.746376811594203,12.961690747758048,0.381673431158289,0.033031301153273795,10.394927536231885
33.916666666666664,0.0872902534808996,5.467013888888889,8.87891219300152,0.6202193256322197,0.04159365234374996,4.428819444444445,0.10456644948232768,5.682291666666667,7.439687024559878,0.508897908211052,0.03761681315104166,3.982638888888889,0.1336632006426276,6.737847222222222,7.550396652901544,0.381673431158289,0.03943676757812498,4.5625,0.1782176008568368,9.948067632850242,7.284693544881548,0.381673431158289,0.039296158854166645,6.3136322463768115
35.375,0.1009293555872902,9.99826388888889,11.757362529884809,0.6679285045270058,0.03546788736979166,6.987847222222222,0.0872902534808996,5.467013888888889,8.87891219300152,0.6202193256322197,0.04159365234374996,4.428819444444445,0.10456644948232768,5.682291666666667,7.439687024559878,0.508897908211052,0.03761681315104166,3.982638888888889,0.1336632006426276,6.737847222222222,7.550396652901544,0.381673431158289,0.03943676757812498,4.5625
38.95238095238095,0.12002409853623701,12.659722222222221,9.853156922408171,0.381673431158289,0.03793782552083333,7.470486111111111,0.1009293555872902,9.99826388888889,11.757362529884809,0.6679285045270058,0.03546788736979166,6.987847222222222,0.0872902534808996,5.467013888888889,8.87891219300152,0.6202193256322197,0.04159365234374996,4.428819444444445,0.10456644948232768,5.682291666666667,7.439687024559878,0.508897908211052,0.03761681315104166,3.982638888888889
34.958333333333336,0.17927841990955604,14.53125,13.259850343093117,0.5270728335043039,0.03174118768601189,9.137152777777777,0.12002409853623701,12.659722222222221,9.853156922408171,0.381673431158289,0.03793782552083333,7.470486111111111,0.1009293555872902,9.99826388888889,11.757362529884809,0.6679285045270058,0.03546788736979166,6.987847222222222,0.0872902534808996,5.467013888888889,8.87891219300152,0.6202193256322197,0.04159365234374996,4.428819444444445
30.166666666666668,0.16730631917172434,12.763888888888888,6.996848511193218,0.381673431158289,0.031684716796875,7.409722222222222,0.17927841990955604,14.53125,13.259850343093117,0.5270728335043039,0.03174118768601189,9.137152777777777,0.12002409853623701,12.659722222222221,9.853156922408171,0.381673431158289,0.03793782552083333,7.470486111111111,0.1009293555872902,9.99826388888889,11.757362529884809,0.6679285045270058,0.03546788736979166,6.987847222222222
26.75,0.16366922527668684,8.29861111111111,5.2697783090632475,0.381673431158289,0.03250183919270833,4.003472222222222,0.16730631917172434,12.763888888888888,6.996848511193218,0.381673431158289,0.031684716796875,7.409722222222222,0.17927841990955604,14.53125,13.259850343093117,0.5270728335043039,0.03174118768601189,9.137152777777777,0.12002409853623701,12.659722222222221,9.853156922408171,0.381673431158289,0.03793782552083333,7.470486111111111
34.791666666666664,0.16003213138164937,6.15625,6.044745707454901,0.44528566968467054,0.02564650065104164,4.934027777777778,0.16366922527668684,8.29861111111111,5.2697783090632475,0.381673431158289,0.03250183919270833,4.003472222222222,0.16730631917172434,12.763888888888888,6.996848511193218,0.381673431158289,0.031684716796875,7.409722222222222,0.17927841990955604,14.53125,13.259850343093117,0.5270728335043039,0.03174118768601189,9.137152777777777
36.458333333333336,0.12093337200999638,11.869791666666666,6.421158443816561,0.4611887293162659,0.036834179687499975,7.065972222222222,0.16003213138164937,6.15625,6.044745707454901,0.44528566968467054,0.02564650065104164,4.934027777777778,0.16366922527668684,8.29861111111111,5.2697783090632475,0.381673431158289,0.03250183919270833,4.003472222222222,0.16730631917172434,12.763888888888888,6.996848511193218,0.381673431158289,0.031684716796875,7.409722222222222
28.0,0.127298286326312,14.458333333333334,7.30683547054988,0.381673431158289,0.03919269205729165,7.458333333333333,0.12093337200999638,11.869791666666666,6.421158443816561,0.4611887293162659,0.036834179687499975,7.065972222222222,0.16003213138164937,6.15625,6.044745707454901,0.44528566968467054,0.02564650065104164,4.934027777777778,0.16366922527668684,8.29861111111111,5.2697783090632475,0.381673431158289,0.03250183919270833,4.003472222222222
34.291666666666664,0.15884141611839306,8.058197463768115,12.512200904941613,0.4510686004597961,0.020234012276785684,6.341334541062802,0.127298286326312,14.458333333333334,7.30683547054988,0.381673431158289,0.03919269205729165,7.458333333333333,0.12093337200999638,11.869791666666666,6.421158443816561,0.4611887293162659,0.036834179687499975,7.065972222222222,0.16003213138164937,6.15625,6.044745707454901,0.44528566968467054,0.02564650065104164,4.934027777777778
35.458333333333336,0.11047672706176363,6.211503623188406,5.8454683764399045,0.381673431158289,0.037062337239583326,6.202974033816425,0.15884141611839306,8.058197463768115,12.512200904941613,0.4510686004597961,0.020234012276785684,6.341334541062802,0.127298286326312,14.458333333333334,7.30683547054988,0.381673431158289,0.03919269205729165,7.458333333333333,0.12093337200999638,11.869791666666666,6.421158443816561,0.4611887293162659,0.036834179687499975,7.065972222222222
40.791666666666664,0.11411382095680112,12.875,8.989621821343187,0.44528566968467054,0.03109575195312499,8.081597222222223,0.11047672706176363,6.211503623188406,5.8454683764399045,0.381673431158289,0.037062337239583326,6.202974033816425,0.15884141611839306,8.058197463768115,12.512200904941613,0.4510686004597961,0.020234012276785684,6.341334541062802,0.127298286326312,14.458333333333334,7.30683547054988,0.381673431158289,0.03919269205729165,7.458333333333333
39.75,0.12184264548375577,19.105902777777775,9.897440773744838,0.715637683421792,0.029809049479166655,9.177083333333334,0.11411382095680112,12.875,8.989621821343187,0.44528566968467054,0.03109575195312499,8.081597222222223,0.11047672706176363,6.211503623188406,5.8454683764399045,0.381673431158289,0.037062337239583326,6.202974033816425,0.15884141611839306,8.058197463768115,12.512200904941613,0.4510686004597961,0.020234012276785684,6.341334541062802
37.375,0.09547371474473397,11.25,10.074576179091503,1.0336988760536996,0.03924575195312497,6.944444444444444,0.12184264548375577,19.105902777777775,9.897440773744838,0.715637683421792,0.029809049479166655,9.177083333333334,0.11411382095680112,12.875,8.989621821343187,0.44528566968467054,0.03109575195312499,8.081597222222223,0.11047672706176363,6.211503623188406,5.8454683764399045,0.381673431158289,0.037062337239583326,6.202974033816425
34.833333333333336,0.10183862906104957,10.967013888888888,10.58384046946316,0.9700866375273179,0.03836230468749997,6.878472222222222,0.09547371474473397,11.25,10.074576179091503,1.0336988760536996,0.03924575195312497,6.944444444444444,0.12184264548375577,19.105902777777775,9.897440773744838,0.715637683421792,0.029809049479166655,9.177083333333334,0.11411382095680112,12.875,8.989621821343187,0.44528566968467054,0.03109575195312499,8.081597222222223
37.125,0.104111812745448,14.041666666666666,9.963866550749836,0.8746682797377457,0.029241308593749977,7.993055555555556,0.10183862906104957,10.967013888888888,10.58384046946316,0.9700866375273179,0.03836230468749997,6.878472222222222,0.09547371474473397,11.25,10.074576179091503,1.0336988760536996,0.03924575195312497,6.944444444444444,0.12184264548375577,19.105902777777775,9.897440773744838,0.715637683421792,0.029809049479166655,9.177083333333334
41.916666666666664,0.0872902534808996,6.737847222222222,5.690474896761574,0.381673431158289,0.040158382161458325,4.159722222222222,0.104111812745448,14.041666666666666,9.963866550749836,0.8746682797377457,0.029241308593749977,7.993055555555556,0.10183862906104957,10.967013888888888,10.58384046946316,0.9700866375273179,0.03836230468749997,6.878472222222222,0.09547371474473397,11.25,10.074576179091503,1.0336988760536996,0.03924575195312497,6.944444444444444
35.523809523809526,0.0872902534808996,5.538194444444444,7.550396652901544,0.381673431158289,0.04514070638020831,4.1875,0.0872902534808996,6.737847222222222,5.690474896761574,0.381673431158289,0.040158382161458325,4.159722222222222,0.104111812745448,14.041666666666666,9.963866550749836,0.8746682797377457,0.029241308593749977,7.993055555555556,0.10183862906104957,10.967013888888888,10.58384046946316,0.9700866375273179,0.03836230468749997,6.878472222222222
38.291666666666664,0.0872902534808996,6.277777777777778,6.376874592479895,0.381673431158289,0.03750766136532736,4.881944444444445,0.0872902534808996,5.538194444444444,7.550396652901544,0.381673431158289,0.04514070638020831,4.1875,0.0872902534808996,6.737847222222222,5.690474896761574,0.381673431158289,0.040158382161458325,4.159722222222222,0.104111812745448,14.041666666666666,9.963866550749836,0.8746682797377457,0.029241308593749977,7.993055555555556
38.708333333333336,0.0872902534808996,2.859375,4.826939795696588,0.381673431158289,0.041325699869791656,3.28125,0.0872902534808996,6.277777777777778,6.376874592479895,0.381673431158289,0.03750766136532736,4.881944444444445,0.0872902534808996,5.538194444444444,7.550396652901544,0.381673431158289,0.04514070638020831,4.1875,0.0872902534808996,6.737847222222222,5.690474896761574,0.381673431158289,0.040158382161458325,4.159722222222222
32.958333333333336,0.0872902534808996,4.723958333333333,8.148228645946533,0.381673431158289,0.04183242187499997,4.328125,0.0872902534808996,2.859375,4.826939795696588,0.381673431158289,0.041325699869791656,3.28125,0.0872902534808996,6.277777777777778,6.376874592479895,0.381673431158289,0.03750766136532736,4.881944444444445,0.0872902534808996,5.538194444444444,7.550396652901544,0.381673431158289,0.04514070638020831,4.1875
33.40909090909091,0.11184063727240263,7.447916666666667,16.938573136274723,0.4611887293162659,0.03062351888020833,5.829861111111111,0.0872902534808996,4.723958333333333,8.148228645946533,0.381673431158289,0.04183242187499997,4.328125,0.0872902534808996,2.859375,4.826939795696588,0.381673431158289,0.041325699869791656,3.28125,0.0872902534808996,6.277777777777778,6.376874592479895,0.381673431158289,0.03750766136532736,4.881944444444445
33.75,0.10969734979854129,13.338129940711463,16.311860370618863,0.7459980699912013,0.029578238932291643,6.506265096618357,0.11184063727240263,7.447916666666667,16.938573136274723,0.4611887293162659,0.03062351888020833,5.829861111111111,0.0872902534808996,4.723958333333333,8.148228645946533,0.381673431158289,0.04183242187499997,4.328125,0.0872902534808996,2.859375,4.826939795696588,0.381673431158289,0.041325699869791656,3.28125
27.875,0.09274589432345585,10.585199824330259,9.808873071071506,0.4134795504214797,0.03485504557291665,7.238375603864735,0.10969734979854129,13.338129940711463,16.311860370618863,0.7459980699912013,0.029578238932291643,6.506265096618357,0.11184063727240263,7.447916666666667,16.938573136274723,0.4611887293162659,0.03062351888020833,5.829861111111111,0.0872902534808996,4.723958333333333,8.148228645946533,0.381673431158289,0.04183242187499997,4.328125
33.166666666666664,0.08956343716529803,8.902777777777777,13.04159421864812,0.381673431158289,0.025840169270833314,5.633680555555556,0.09274589432345585,10.585199824330259,9.808873071071506,0.4134795504214797,0.03485504557291665,7.238375603864735,0.10969734979854129,13.338129940711463,16.311860370618863,0.7459980699912013,0.029578238932291643,6.506265096618357,0.11184063727240263,7.447916666666667,16.938573136274723,0.4611887293162659,0.03062351888020833,5.829861111111111
48.625,0.09638298821849332,13.864583333333334,14.015838948054771,0.5248009678426474,0.032501839192708305,6.890625,0.08956343716529803,8.902777777777777,13.04159421864812,0.381673431158289,0.025840169270833314,5.633680555555556,0.09274589432345585,10.585199824330259,9.808873071071506,0.4134795504214797,0.03485504557291665,7.238375603864735,0.10969734979854129,13.338129940711463,16.311860370618863,0.7459980699912013,0.029578238932291643,6.506265096618357
51.958333333333336,0.11911482506247766,25.223958333333332,15.36649641382308,0.5725101467374335,0.02673953450520831,11.798611111111112,0.09638298821849332,13.864583333333334,14.015838948054771,0.5248009678426474,0.032501839192708305,6.890625,0.08956343716529803,8.902777777777777,13.04159421864812,0.381673431158289,0.025840169270833314,5.633680555555556,0.09274589432345585,10.585199824330259,9.808873071071506,0.4134795504214797,0.03485504557291665,7.238375603864735
43.208333333333336,0.10956745358800422,32.09027777777778,10.561698543794828,0.715637683421792,0.029933740234374968,12.638888888888888,0.11911482506247766,25.223958333333332,15.36649641382308,0.5725101467374335,0.02673953450520831,11.798611111111112,0.09638298821849332,13.864583333333334,14.015838948054771,0.5248009678426474,0.032501839192708305,6.890625,0.08956343716529803,8.902777777777777,13.04159421864812,0.381673431158289,0.025840169270833314,5.633680555555556
34.208333333333336,0.0872902534808996,27.369791666666668,9.10033144968485,0.5884132063690289,0.031647574869791646,10.368055555555555,0.10956745358800422,32.09027777777778,10.561698543794828,0.715637683421792,0.029933740234374968,12.638888888888888,0.11911482506247766,25.223958333333332,15.36649641382308,0.5725101467374335,0.02673953450520831,11.798611111111112,0.09638298821849332,13.864583333333334,14.015838948054771,0.5248009678426474,0.032501839192708305,6.890625
34.791666666666664,0.0909273473759371,9.953125,8.50249945663986,0.381673431158289,0.03594807942708331,5.253472222222222,0.0872902534808996,27.369791666666668,9.10033144968485,0.5884132063690289,0.031647574869791646,10.368055555555555,0.10956745358800422,32.09027777777778,10.561698543794828,0.715637683421792,0.029933740234374968,12.638888888888888,0.11911482506247766,25.223958333333332,15.36649641382308,0.5725101467374335,0.02673953450520831,11.798611111111112
39.625,0.0872902534808996,11.050347222222221,11.646652901543142,0.42938261005307515,0.03477280273437499,7.239583333333333,0.0909273473759371,9.953125,8.50249945663986,0.381673431158289,0.03594807942708331,5.253472222222222,0.0872902534808996,27.369791666666668,9.10033144968485,0.5884132063690289,0.031647574869791646,10.368055555555555,0.10956745358800422,32.09027777777778,10.561698543794828,0.715637683421792,0.029933740234374968,12.638888888888888
39.0,0.0909273473759371,13.894097222222221,11.580227124538142,0.5566070871058382,0.033260595703125,9.352430555555555,0.0872902534808996,11.050347222222221,11.646652901543142,0.42938261005307515,0.03477280273437499,7.239583333333333,0.0909273473759371,9.953125,8.50249945663986,0.381673431158289,0.03594807942708331,5.253472222222222,0.0872902534808996,27.369791666666668,9.10033144968485,0.5884132063690289,0.031647574869791646,10.368055555555555
38.708333333333336,0.09144693221808531,12.305555555555555,12.077414000908892,0.693951693015071,0.036744735863095186,8.208333333333334,0.0909273473759371,13.894097222222221,11.580227124538142,0.5566070871058382,0.033260595703125,9.352430555555555,0.0872902534808996,11.050347222222221,11.646652901543142,0.42938261005307515,0.03477280273437499,7.239583333333333,0.0909273473759371,9.953125,8.50249945663986,0.381673431158289,0.03594807942708331,5.253472222222222
36.416666666666664,0.09365516779721522,9.84375,9.941724625081504,0.6202193256322197,0.041728955078124984,6.571180555555556,0.09144693221808531,12.305555555555555,12.077414000908892,0.693951693015071,0.036744735863095186,8.208333333333334,0.0909273473759371,13.894097222222221,11.580227124538142,0.5566070871058382,0.033260595703125,9.352430555555555,0.0872902534808996,11.050347222222221,11.646652901543142,0.42938261005307515,0.03477280273437499,7.239583333333333
39.625,0.09547371474473394,11.987847222222221,9.078189524016517,1.0177958164221041,0.03437220052083331,7.706597222222222,0.09365516779721522,9.84375,9.941724625081504,0.6202193256322197,0.041728955078124984,6.571180555555556,0.09144693221808531,12.305555555555555,12.077414000908892,0.693951693015071,0.036744735863095186,8.208333333333334,0.0909273473759371,13.894097222222221,11.580227124538142,0.5566070871058382,0.033260595703125,9.352430555555555
50.833333333333336,0.10138399232416988,12.069444444444445,14.192974353401434,1.4471784264751795,0.037691097005208306,7.5625,0.09547371474473394,11.987847222222221,9.078189524016517,1.0177958164221041,0.03437220052083331,7.706597222222222,0.09365516779721522,9.84375,9.941724625081504,0.6202193256322197,0.041728955078124984,6.571180555555556,0.09144693221808531,12.305555555555555,12.077414000908892,0.693951693015071,0.036744735863095186,8.208333333333334
48.625,0.11456845769368078,19.713541666666668,12.465904151271461,1.2881478301592255,0.04338707682291663,10.123263888888888,0.10138399232416988,12.069444444444445,14.192974353401434,1.4471784264751795,0.037691097005208306,7.5625,0.09547371474473394,11.987847222222221,9.078189524016517,1.0177958164221041,0.03437220052083331,7.706597222222222,0.09365516779721522,9.84375,9.941724625081504,0.6202193256322197,0.041728955078124984,6.571180555555556
46.666666666666664,0.11502309443056045,18.901041666666668,11.225956313844817,1.0973111145800811,0.044498681640625,10.848958333333334,0.11456845769368078,19.713541666666668,12.465904151271461,1.2881478301592255,0.04338707682291663,10.123263888888888,0.10138399232416988,12.069444444444445,14.192974353401434,1.4471784264751795,0.037691097005208306,7.5625,0.09547371474473394,11.987847222222221,9.078189524016517,1.0177958164221041,0.03437220052083331,7.706597222222222
52.81818181818182,0.10002008211353082,20.249999999999996,11.624510975874811,1.0177958164221041,0.044318277994791655,10.199652777777777,0.11502309443056045,18.901041666666668,11.225956313844817,1.0973111145800811,0.044498681640625,10.848958333333334,0.11456845769368078,19.713541666666668,12.465904151271461,1.2881478301592255,0.04338707682291663,10.123263888888888,0.10138399232416988,12.069444444444445,14.192974353401434,1.4471784264751795,0.037691097005208306,7.5625
51.833333333333336,0.1463930292752588,22.859375,15.26585129714884,1.2838106320778815,0.04131205589657736,10.822916666666666,0.10002008211353082,20.249999999999996,11.624510975874811,1.0177958164221041,0.044318277994791655,10.199652777777777,0.11502309443056045,18.901041666666668,11.225956313844817,1.0973111145800811,0.044498681640625,10.848958333333334,0.11456845769368078,19.713541666666668,12.465904151271461,1.2881478301592255,0.04338707682291663,10.123263888888888
47.458333333333336,0.25550584612638333,25.65625,12.687323407954793,1.6857243209491102,0.03754252929687498,12.175347222222221,0.1463930292752588,22.859375,15.26585129714884,1.2838106320778815,0.04131205589657736,10.822916666666666,0.10002008211353082,20.249999999999996,11.624510975874811,1.0177958164221041,0.044318277994791655,10.199652777777777,0.11502309443056045,18.901041666666668,11.225956313844817,1.0973111145800811,0.044498681640625,10.848958333333334
48.69565217391305,0.21458853980721163,23.258680555555554,6.177597261464899,0.6202193256322197,0.043729313151041664,11.394097222222221,0.25550584612638333,25.65625,12.687323407954793,1.6857243209491102,0.03754252929687498,12.175347222222221,0.1463930292752588,22.859375,15.26585129714884,1.2838106320778815,0.04131205589657736,10.822916666666666,0.10002008211353082,20.249999999999996,11.624510975874811,1.0177958164221041,0.044318277994791655,10.199652777777777
37.916666666666664,0.21809573749171207,22.65692934782609,11.806459843323285,0.6637798802752853,0.030161897786458326,11.609375,0.21458853980721163,23.258680555555554,6.177597261464899,0.6202193256322197,0.043729313151041664,11.394097222222221,0.25550584612638333,25.65625,12.687323407954793,1.6857243209491102,0.03754252929687498,12.175347222222221,0.1463930292752588,22.859375,15.26585129714884,1.2838106320778815,0.04131205589657736,10.822916666666666
37.708333333333336,0.2059504418064976,16.669006642512077,11.934497935231471,1.0973111145800811,0.028787646484374985,8.475694444444445,0.21809573749171207,22.65692934782609,11.806459843323285,0.6637798802752853,0.030161897786458326,11.609375,0.21458853980721163,23.258680555555554,6.177597261464899,0.6202193256322197,0.043729313151041664,11.394097222222221,0.25550584612638333,25.65625,12.687323407954793,1.6857243209491102,0.03754252929687498,12.175347222222221
45.125,0.21686172349161006,15.274305555555555,16.16360573788307,1.351760068685607,0.031536149088541646,7.425347222222222,0.2059504418064976,16.669006642512077,11.934497935231471,1.0973111145800811,0.028787646484374985,8.475694444444445,0.21809573749171207,22.65692934782609,11.806459843323285,0.6637798802752853,0.030161897786458326,11.609375,0.21458853980721163,23.258680555555554,6.177597261464899,0.6202193256322197,0.043729313151041664,11.394097222222221
52.22727272727273,0.21822563370224915,26.086805555555554,10.80525972614649,0.8587652201061503,0.03779456380208331,10.769097222222221,0.21686172349161006,15.274305555555555,16.16360573788307,1.351760068685607,0.031536149088541646,7.425347222222222,0.2059504418064976,16.669006642512077,11.934497935231471,1.0973111145800811,0.028787646484374985,8.475694444444445,0.21809573749171207,22.65692934782609,11.806459843323285,0.6637798802752853,0.030161897786458326,11.609375
49.083333333333336,0.19672781085836685,36.24131944444444,10.373973521824178,0.7806956546419549,0.03991127464657734,12.616319444444445,0.21822563370224915,26.086805555555554,10.80525972614649,0.8587652201061503,0.03779456380208331,10.769097222222221,0.21686172349161006,15.274305555555555,16.16360573788307,1.351760068685607,0.031536149088541646,7.425347222222222,0.2059504418064976,16.669006642512077,11.934497935231471,1.0973111145800811,0.028787646484374985,8.475694444444445
52.416666666666664,0.20731435201713666,27.248263888888886,9.10033144968485,1.1450202934748672,0.04142651367187499,11.748263888888888,0.19672781085836685,36.24131944444444,10.373973521824178,0.7806956546419549,0.03991127464657734,12.616319444444445,0.21822563370224915,26.086805555555554,10.80525972614649,0.8587652201061503,0.03779456380208331,10.769097222222221,0.21686172349161006,15.274305555555555,16.16360573788307,1.351760068685607,0.031536149088541646,7.425347222222222
45.25,0.19503916012138514,29.51736111111111,5.712616822429907,0.5884132063690289,0.043880533854166646,12.838541666666666,0.20731435201713666,27.248263888888886,9.10033144968485,1.1450202934748672,0.04142651367187499,11.748263888888888,0.19672781085836685,36.24131944444444,10.373973521824178,0.7806956546419549,0.03991127464657734,12.616319444444445,0.21822563370224915,26.086805555555554,10.80525972614649,0.8587652201061503,0.03779456380208331,10.769097222222221
33.09090909090909,0.1818546947518743,18.618055555555554,7.107558139534884,0.5566070871058382,0.0419650716145833,9.401041666666666,0.19503916012138514,29.51736111111111,5.712616822429907,0.5884132063690289,0.043880533854166646,12.838541666666666,0.20731435201713666,27.248263888888886,9.10033144968485,1.1450202934748672,0.04142651367187499,11.748263888888888,0.19672781085836685,36.24131944444444,10.373973521824178,0.7806956546419549,0.03991127464657734,12.616319444444445
35.5,0.19090413075262233,12.954861111111112,7.898628756594416,0.6072077313881871,0.03429480887276784,5.696180555555556,0.1818546947518743,18.618055555555554,7.107558139534884,0.5566070871058382,0.0419650716145833,9.401041666666666,0.19503916012138514,29.51736111111111,5.712616822429907,0.5884132063690289,0.043880533854166646,12.838541666666666,0.20731435201713666,27.248263888888886,9.10033144968485,1.1450202934748672,0.04142651367187499,11.748263888888888
36.5,0.1745805069617993,11.755208333333334,8.458215605303195,0.3975764907898844,0.038354345703124966,5.286458333333333,0.19090413075262233,12.954861111111112,7.898628756594416,0.6072077313881871,0.03429480887276784,5.696180555555556,0.1818546947518743,18.618055555555554,7.107558139534884,0.5566070871058382,0.0419650716145833,9.401041666666666,0.19503916012138514,29.51736111111111,5.712616822429907,0.5884132063690289,0.043880533854166646,12.838541666666666
29.666666666666668,0.1745805069617993,8.42013888888889,8.679634861986525,0.5566070871058382,0.03936248372395832,4.135416666666667,0.1745805069617993,11.755208333333334,8.458215605303195,0.3975764907898844,0.038354345703124966,5.286458333333333,0.19090413075262233,12.954861111111112,7.898628756594416,0.6072077313881871,0.03429480887276784,5.696180555555556,0.1818546947518743,18.618055555555554,7.107558139534884,0.5566070871058382,0.0419650716145833,9.401041666666666
39.04545454545455,0.15912285790789,10.37326388888889,13.240871549663117,1.1132141742116763,0.030443115234374974,5.623263888888889,0.1745805069617993,8.42013888888889,8.679634861986525,0.5566070871058382,0.03936248372395832,4.135416666666667,0.1745805069617993,11.755208333333334,8.458215605303195,0.3975764907898844,0.038354345703124966,5.286458333333333,0.19090413075262233,12.954861111111112,7.898628756594416,0.6072077313881871,0.03429480887276784,5.696180555555556
37.0,0.16711147485591873,12.13586956521739,12.971142636976152,1.4919961399824027,0.03735151367187498,6.439236111111111,0.15912285790789,10.37326388888889,13.240871549663117,1.1132141742116763,0.030443115234374974,5.623263888888889,0.1745805069617993,8.42013888888889,8.679634861986525,0.5566070871058382,0.03936248372395832,4.135416666666667,0.1745805069617993,11.755208333333334,8.458215605303195,0.3975764907898844,0.038354345703124966,5.286458333333333